{
  "Logistic Regression": {
    "Accuracy": 0.7323943661971831,
    "Precision": 0.4972972972972973,
    "Recall": 0.770949720670391,
    "F1": 0.6046002190580504,
    "AUC-ROC": 0.8204158656962944,
    "TP": 276,
    "FP": 279,
    "TN": 712,
    "FN": 82
  },
  "Random Forest": {
    "Accuracy": 0.7435137138621201,
    "Precision": 0.5122950819672131,
    "Recall": 0.6983240223463687,
    "F1": 0.5910165484633569,
    "AUC-ROC": 0.8097613155268928,
    "TP": 250,
    "FP": 238,
    "TN": 753,
    "FN": 108
  },
  "ANN": {
    "Accuracy": 0.7197924388435878,
    "Precision": 0.48322147651006714,
    "Recall": 0.8044692737430168,
    "F1": 0.6037735849056604,
    "AUC-ROC": 0.8121642266431403,
    "TP": 288,
    "FP": 308,
    "TN": 683,
    "FN": 70,
    "Threshold": 0.3800000000000001
  },
  "best_params": {
    "hidden_units": 128,
    "dropout_rate": 0.25,
    "learning_rate": 0.001,
    "optimal_threshold": 0.3800000000000001
  },
  "training": {
    "epochs_run": 76,
    "final_train_loss": 0.4709770977497101,
    "final_val_loss": 0.5456483364105225
  }
}