{
  "Logistic Regression": {
    "Accuracy": 0.7323943661971831,
    "Precision": 0.4972972972972973,
    "Recall": 0.770949720670391,
    "F1": 0.6046002190580504,
    "AUC-ROC": 0.8204158656962944,
    "TP": 276,
    "FP": 279,
    "TN": 712,
    "FN": 82
  },
  "Random Forest": {
    "Accuracy": 0.7435137138621201,
    "Precision": 0.5122950819672131,
    "Recall": 0.6983240223463687,
    "F1": 0.5910165484633569,
    "AUC-ROC": 0.8097613155268928,
    "TP": 250,
    "FP": 238,
    "TN": 753,
    "FN": 108
  }
}